{"assets/Animationlottie.json":["assets/Animationlottie.json"],"assets/chatbot.png":["assets/chatbot.png"],"assets/flight.json":["assets/flight.json"],"assets/user-folder.png":["assets/user-folder.png"],"lib/images/apple.png":["lib/images/apple.png"],"lib/images/facebook.png":["lib/images/facebook.png"],"lib/images/google.png":["lib/images/google.png"],"lib/images/googleicon.png":["lib/images/googleicon.png"],"lib/images/loginvec.jpg":["lib/images/loginvec.jpg"],"lib/images/menu.png":["lib/images/menu.png"],"lib/images/mobilesplash.jpeg":["lib/images/mobilesplash.jpeg"],"lib/images/screen2.jpeg":["lib/images/screen2.jpeg"],"lib/images/signinvec.png":["lib/images/signinvec.png"],"lib/images/splash_web.jpg":["lib/images/splash_web.jpg"],"lib/images/twitter.png":["lib/images/twitter.png"],"lib/images/user-folder.png":["lib/images/user-folder.png"],"lib/images/user_profilelogog.png":["lib/images/user_profilelogog.png"],"packages/cupertino_icons/assets/CupertinoIcons.ttf":["packages/cupertino_icons/assets/CupertinoIcons.ttf"]}